-- phpMyAdmin SQL Dump
-- version 3.5.2
-- http://www.phpmyadmin.net
--
-- Host: localhost
-- Generation Time: Dec 05, 2019 at 03:37 PM
-- Server version: 5.1.33-community
-- PHP Version: 5.4.4

SET SQL_MODE="NO_AUTO_VALUE_ON_ZERO";
SET time_zone = "+00:00";


/*!40101 SET @OLD_CHARACTER_SET_CLIENT=@@CHARACTER_SET_CLIENT */;
/*!40101 SET @OLD_CHARACTER_SET_RESULTS=@@CHARACTER_SET_RESULTS */;
/*!40101 SET @OLD_COLLATION_CONNECTION=@@COLLATION_CONNECTION */;
/*!40101 SET NAMES utf8 */;

--
-- Database: `kpkb2`
--

-- --------------------------------------------------------

--
-- Table structure for table `angsuran`
--

CREATE TABLE IF NOT EXISTS `angsuran` (
  `kode_angsur` int(11) NOT NULL AUTO_INCREMENT,
  `kode_pinjam` varchar(8) NOT NULL,
  `angsuran_ke` int(11) NOT NULL,
  `besar_angsuran` int(11) NOT NULL,
  `denda` int(11) NOT NULL,
  `sisa_pinjam` int(11) NOT NULL,
  `kode_anggota` char(10) NOT NULL,
  `id_klien` int(11) NOT NULL,
  `id_user` mediumint(10) DEFAULT NULL,
  `tgl_entri` date NOT NULL,
  PRIMARY KEY (`kode_angsur`)
) ENGINE=InnoDB  DEFAULT CHARSET=latin1 AUTO_INCREMENT=6 ;

--
-- Dumping data for table `angsuran`
--

INSERT INTO `angsuran` (`kode_angsur`, `kode_pinjam`, `angsuran_ke`, `besar_angsuran`, `denda`, `sisa_pinjam`, `kode_anggota`, `id_klien`, `id_user`, `tgl_entri`) VALUES
(1, 'PNA0001', 1, 24033000, 0, 48067000, '0', 5, 1, '2019-08-12'),
(2, 'PNA0004', 1, 51500000, 0, 103000000, '0', 21, 1, '2019-09-06'),
(3, 'PNA0001', 2, 24033000, 20000, 24034000, '0', 5, 1, '2019-11-30'),
(4, 'PNA0004', 2, 51500000, 0, 51500000, '0', 21, 1, '2019-12-02'),
(5, 'PNA0004', 3, 51500000, 0, 0, '0', 21, 1, '2019-12-02');

-- --------------------------------------------------------

--
-- Table structure for table `eks_pinjaman`
--

CREATE TABLE IF NOT EXISTS `eks_pinjaman` (
  `id_eks_pinjaman` int(5) NOT NULL AUTO_INCREMENT,
  `kode_pinjam` varchar(8) NOT NULL,
  `id_klien` int(10) NOT NULL,
  `kode_jenis_pinjam` char(5) NOT NULL,
  `type` varchar(10) NOT NULL,
  `besar_pinjam` double NOT NULL,
  `total_pinjam` double NOT NULL,
  `besar_angsuran` double NOT NULL,
  `lama_angsuran` int(11) NOT NULL,
  `sisa_angsuran` int(11) NOT NULL,
  `sisa_pinjaman` double NOT NULL,
  `id_user` mediumint(5) NOT NULL,
  `tgl_entri` date NOT NULL,
  `tgl_tempo` date NOT NULL,
  `jaminan` varchar(150) NOT NULL,
  `file_jaminan` varchar(200) NOT NULL,
  `file_perjanjian` varchar(200) NOT NULL,
  `acc` varchar(10) NOT NULL,
  `status` varchar(30) NOT NULL,
  PRIMARY KEY (`id_eks_pinjaman`),
  KEY `kode_pinjam` (`kode_pinjam`)
) ENGINE=InnoDB  DEFAULT CHARSET=latin1 AUTO_INCREMENT=5 ;

--
-- Dumping data for table `eks_pinjaman`
--

INSERT INTO `eks_pinjaman` (`id_eks_pinjaman`, `kode_pinjam`, `id_klien`, `kode_jenis_pinjam`, `type`, `besar_pinjam`, `total_pinjam`, `besar_angsuran`, `lama_angsuran`, `sisa_angsuran`, `sisa_pinjaman`, `id_user`, `tgl_entri`, `tgl_tempo`, `jaminan`, `file_jaminan`, `file_perjanjian`, `acc`, `status`) VALUES
(1, 'PNA0001', 5, 'P0005', 'Perusahaan', 70000000, 72100000, 24033000, 3, 1, 24034000, 1, '2019-08-12', '2019-11-10', 'SERTIIKAT TOKO', '', '', 'ACC', 'belum lunas'),
(2, 'PNA0002', 7, 'P0006', 'Personal', 50000000, 51500000, 17167000, 3, 3, 51500000, 1, '2019-08-12', '2019-11-10', 'SERTIIKAT TOKO', '', '', 'ACC', 'belum lunas'),
(3, 'PNA0003', 7, 'P0006', 'Personal', 50000000, 51500000, 17167000, 3, 3, 51500000, 1, '2019-08-12', '2019-11-10', 'SERTIIKAT RUMAH', '', '', 'ACC', 'belum lunas'),
(4, 'PNA0004', 21, 'P0005', 'Perusahaan', 150000000, 154500000, 51500000, 3, 3, 0, 1, '2019-09-06', '2019-12-05', 'BPKB', '', '', 'ACC', 'lunas');

-- --------------------------------------------------------

--
-- Table structure for table `jenis_pinjam`
--

CREATE TABLE IF NOT EXISTS `jenis_pinjam` (
  `kode_jenis_pinjam` char(5) NOT NULL,
  `nama_pinjaman` varchar(50) NOT NULL,
  `lama_angsuran` int(11) NOT NULL,
  `maks_pinjam` double NOT NULL,
  `bunga` float NOT NULL,
  `u_entry` varchar(50) NOT NULL,
  `tgl_entri` date NOT NULL,
  PRIMARY KEY (`kode_jenis_pinjam`)
) ENGINE=InnoDB DEFAULT CHARSET=latin1;

--
-- Dumping data for table `jenis_pinjam`
--

INSERT INTO `jenis_pinjam` (`kode_jenis_pinjam`, `nama_pinjaman`, `lama_angsuran`, `maks_pinjam`, `bunga`, `u_entry`, `tgl_entri`) VALUES
('P0001', 'biasa', 4, 3000000, 1.5, '1', '2017-02-01'),
('P0002', 'Menengah', 8, 4000000, 2, '1', '2017-03-09'),
('P0003', 'full', 10, 6000000, 2.5, '1', '2017-03-26'),
('P0004', 'Kecil', 2, 1000000, 0.5, '1', '2018-12-30'),
('P0005', 'Perusahaan', 3, 200000000, 3, '1', '2018-12-30'),
('P0006', 'Personal', 3, 75000000, 3, '1', '2019-02-03');

-- --------------------------------------------------------

--
-- Table structure for table `kas`
--

CREATE TABLE IF NOT EXISTS `kas` (
  `id_kas` int(5) NOT NULL AUTO_INCREMENT,
  `jumlah` float(20,3) NOT NULL,
  `keterangan` text NOT NULL,
  `u_entry` varchar(50) NOT NULL,
  `tgl_entri` date NOT NULL,
  PRIMARY KEY (`id_kas`)
) ENGINE=InnoDB  DEFAULT CHARSET=latin1 AUTO_INCREMENT=2 ;

--
-- Dumping data for table `kas`
--

INSERT INTO `kas` (`id_kas`, `jumlah`, `keterangan`, `u_entry`, `tgl_entri`) VALUES
(1, 90000000.000, 'Dana Investasi dari PT Sumber jaya utk KPKB', '1', '2019-12-01');

-- --------------------------------------------------------

--
-- Table structure for table `klien`
--

CREATE TABLE IF NOT EXISTS `klien` (
  `id_klien` int(11) NOT NULL AUTO_INCREMENT,
  `type` char(20) NOT NULL,
  `nama` varchar(255) NOT NULL,
  `alamat` text NOT NULL,
  `telp` varchar(100) NOT NULL,
  `email` varchar(100) NOT NULL,
  `status` varchar(10) NOT NULL,
  `tgl_pendaftaran` date NOT NULL,
  PRIMARY KEY (`id_klien`),
  KEY `id_klien` (`id_klien`),
  KEY `id_klien_2` (`id_klien`)
) ENGINE=InnoDB  DEFAULT CHARSET=latin1 AUTO_INCREMENT=49 ;

--
-- Dumping data for table `klien`
--

INSERT INTO `klien` (`id_klien`, `type`, `nama`, `alamat`, `telp`, `email`, `status`, `tgl_pendaftaran`) VALUES
(5, 'P0006', 'DIN KAMADIANTINI', 'JL. PANGLAWUNGAN NO.4', '0822-5431-9876', '@', 'Aktif', '2019-06-30'),
(7, 'P0006', 'IWAN HERMAWAN', 'ALAMAT', '0822-5431-9876', '@', 'Aktif', '2019-07-01'),
(8, 'P0005', 'CV SUMBER MAKMUR', 'jln pagarsih bandung', '0822-5431-9876', '@', 'Aktif', '2019-07-02'),
(9, 'P0005', 'PT.ANGIN RIBUT', 'cvcvvcvcv', '0822-5431-9876', '@', 'Aktif', '2019-07-18'),
(10, 'P0005', 'CV XXX', 'JL CIJENGKOL NO 4', '0822-5431-9876', '@', 'Aktif', '2019-07-18'),
(11, 'P0006', 'PT ASTRI', 'KJHJKDGF', '8766676', '@', 'Aktif', '2019-07-18'),
(12, 'P0005', 'PT JAYA SENTOSA', 'KJHKHDAK', 'Jalan ', '@', 'Aktif', '2019-07-18'),
(13, 'P0006', 'EMA SUMARNA DRS, MSI', 'JL.SILIH ASIH NO.7 RT01/RW05', '081217325432', '@', 'Aktif', '2019-07-20'),
(14, 'P0006', 'TITIN IDAWATI, SH', 'JL.DIRGANTARA NO 12 BANDUNG', '082134217654', '@', 'Aktif', '2019-07-20'),
(15, 'P0006', 'HEPATI PIANTAS, SP', 'JL.BUNGA BAKUNG NO 03 BANDUNG', '082367597890', '@', 'Aktif', '2019-07-20'),
(16, 'P0006', 'DRA. HJ. RITA WINARTI', 'JL.PURWAKARTA NO 07 BANDUNG', '081276548943', '@', 'Aktif', '2019-07-20'),
(17, 'P0006', 'APEP INSAN PARID, AP. MSI', 'JL. SUKA SENANG NO.01 BANDUNG', '082156438868', '@', 'Aktif', '2019-07-20'),
(18, 'P0006', 'H GUN GUN SUMARYANA. S. SOS', 'JL. JATI NEGARA NO 10 RT 05/RW08', '082156877643', '@', 'Aktif', '2019-07-20'),
(19, 'P0006', 'AJENG HERAWATI, ST', 'JL.GEMMURUH NO 04 RT01/RW11 BANDUNG', '087887650978', '@', 'Aktif', '2019-07-20'),
(20, 'P0006', 'IWAN PERMANA S,SOS', 'JL.Salendro No.03', '081221568417', '@', 'Aktif', '2019-07-20'),
(21, 'P0006', 'DRS. H. DEDEN SAEPULLOH, MM', 'JL.Sumber Sugih No.09', '081221568417', '@', 'Aktif', '2019-07-20'),
(22, 'P0006', 'AGUS RAHMAN, SIP ', 'JL. Komplek Perumahan Holis Indah', '085667368525', '@', 'Aktif', '2019-07-20'),
(23, 'P0006', 'MARDIAH NURHAYATI ', 'JL. Borobudur No.03', '081264368536', '@', 'Aktif', '2019-07-20'),
(24, 'P0006', 'DRAJAT A. KS', 'JL.Cirangrang No.07', '081297659643', '@', 'Aktif', '2019-07-20'),
(25, 'P0006', 'H.NANDANG KURNEADI, SH', 'JL.KomplekPerumahan Panca Sila Bakti', '089587548542', '@', 'Aktif', '2019-07-20'),
(26, 'P0006', 'ADANG SUNARYA, SIP', 'JL.Kembar No.04', '082287645521', '@', 'Aktif', '2019-07-20'),
(27, 'P0006', 'YURI BUDI AGKASA, S.IP', 'JL. Kliningan No. 09', '082112321804', '@', 'Aktif', '2019-07-20'),
(28, 'P0006', 'NIA HASANIAH, SE', 'JL. GUNTUR SARI NO 14 RT01/RW07 BANDUNG', '087876541300', '@', 'Aktif', '2019-07-20'),
(29, 'P0006', 'ADE SUDRAJAT, S. SOS, M. SI', 'JL. BAPA SUHAYA NO 43 RT04/RW05', '081298678778', '@', 'Aktif', '2019-07-20'),
(30, 'P0006', 'ANA RATNANINGSIH, DRA', 'KOMPLEK PERUMAHANKOPO KENCANA NO 32 BANDUNG', '083873657383', '@', 'Aktif', '2019-07-20'),
(31, 'P0006', 'BUDI SILIWANGI, S. SOS ', 'jl. pasundan no 03', 'JL. PASUNDAN NO.03 RT11/RW02', '@', 'Aktif', '2019-07-20'),
(32, 'P0006', 'IDWAN SUDRAJAT, SE', 'JL. SAMSUDIN NO 13 RT04/RW03', '082277700373', '@', 'Aktif', '2019-07-20'),
(33, 'P0006', 'ADANG SAMSUDIN, SPD', 'JL PASIR GALAM NO23 RT07/RW08 BANDUNG', '081287338983', '@', 'Aktif', '2019-07-20'),
(34, 'P0006', 'WAWAN WARDANA ', 'JL. CIBADUYUT KIDUL NO 65 RT01/RW02 BANDUNG', '089687864465', '@', 'Aktif', '2019-07-20'),
(35, 'P0006', 'ELLIN SUMARLIN, DRA', 'JL. SUKA HAJI NO 32 RT02/RW 03 Bandung', '082277337566', '@', 'Aktif', '2019-07-20'),
(36, 'P0006', 'WAWAN IRAWAN', 'JL. CITEPUS NO 09 RT06/RW07 BANDUNG', '082378989870', '@', 'Aktif', '2019-07-20'),
(37, 'P0006', 'AMIR HAMZAH ', 'JL. CIPEDES NO 06 RT/08/RW11 BANDUNG', '089567858785', '@', 'Aktif', '2019-07-20'),
(38, 'P0006', 'ZOLEIHA RAHMA. S,SI', 'JL. SENTOSA NO 76 RT02/RW04', '081297248724', '@', 'Aktif', '2019-07-20'),
(39, 'P0006', 'DICKY SUNDARA, SE', 'KOMPLEK PERUMAHAN BUDI ASIH NO 04 BANDUNG', '081222908234', '@', 'Aktif', '2019-07-20'),
(40, 'P0006', 'NIA KURNIASIH, SH', 'JL JAPATI NO 02 BANDUNG', '083824282652', '@', 'Aktif', '2019-07-20'),
(41, 'P0006', 'WAWAN HERMAWAN, SE', 'JL RANGGA MALELA NO.05 BANDUNG', '081227832820', '@', 'Aktif', '2019-07-20'),
(42, 'P0006', 'H. IWAN NURACHMAN, SE', 'JL. SUMBAWA NO 56 BANDUNG', '082325683766', '@', 'Aktif', '2019-07-20'),
(43, 'P0006', 'IYUL WIDANINGSIH , SE', 'JL. TONGGOH NO 52 RT07/RW01 BANDUNG', '082267833678', '@', 'Aktif', '2019-07-20'),
(44, 'P0006', 'BARLI SUBARLI ', 'JL SARI WANGI NO 32 BANDUNG', '082389777869', '@', 'Aktif', '2019-07-20'),
(45, 'P0006', 'NENENG ELIANAH, DRA ', 'JL. Budi Asih No.22  rt 07 rw 08 Bandung', '089589893687', '@', 'Aktif', '2019-07-20'),
(46, 'P0006', 'TITIN HADIATI', 'JL. Mustang No.43 rt .04 rw. 10 Bandung', '082197988764', '@', 'Aktif', '2019-07-20'),
(47, 'P0006', 'RISFA EKA PUTRI S.SOS', 'JL. BALADEWA NO 34 RT02/RW08', '081387893546', '@', 'Aktif', '2019-07-21'),
(48, 'P0006', 'DRA. ROHAETI ADE SURYATI ', 'JL.KESEHATAN O 04 RT06/RW09 BANDUNG', '083876757529', '@', 'Aktif', '2019-07-21');

-- --------------------------------------------------------

--
-- Table structure for table `pj_akses`
--

CREATE TABLE IF NOT EXISTS `pj_akses` (
  `id_akses` tinyint(1) unsigned NOT NULL AUTO_INCREMENT,
  `label` varchar(10) NOT NULL,
  `level_akses` varchar(15) NOT NULL,
  PRIMARY KEY (`id_akses`)
) ENGINE=InnoDB  DEFAULT CHARSET=latin1 AUTO_INCREMENT=7 ;

--
-- Dumping data for table `pj_akses`
--

INSERT INTO `pj_akses` (`id_akses`, `label`, `level_akses`) VALUES
(1, 'admin', 'Administrator'),
(2, 'staff', 'Staff Koperasi'),
(4, 'keuangan', 'Staff Keuangan'),
(6, 'ketua', 'Ketua');

-- --------------------------------------------------------

--
-- Table structure for table `pj_ci_sessions`
--

CREATE TABLE IF NOT EXISTS `pj_ci_sessions` (
  `id` varchar(40) NOT NULL,
  `ip_address` varchar(45) NOT NULL,
  `timestamp` int(10) unsigned NOT NULL DEFAULT '0',
  `data` blob NOT NULL,
  KEY `ci_sessions_timestamp` (`timestamp`)
) ENGINE=InnoDB DEFAULT CHARSET=latin1;

--
-- Dumping data for table `pj_ci_sessions`
--

INSERT INTO `pj_ci_sessions` (`id`, `ip_address`, `timestamp`, `data`) VALUES
('6956746f2806854a3d7e2d5dc429b7f3dee52d30', '::1', 1565549661, 0x5f5f63695f6c6173745f726567656e65726174657c693a313536353534393331393b61705f69645f757365727c733a313a2231223b61705f70617373776f72647c733a34303a2264303333653232616533343861656235363630666332313430616563333538353063346461393937223b61705f6e616d617c733a31313a22547269204d756c79616e69223b61705f6c6576656c7c733a353a2261646d696e223b61705f6c6576656c5f63617074696f6e7c733a31333a2241646d696e6973747261746f72223b),
('fce59999cccda2cc53a5bca74501d82c4e255ef5', '::1', 1565550088, 0x5f5f63695f6c6173745f726567656e65726174657c693a313536353534393636343b61705f69645f757365727c733a313a2231223b61705f70617373776f72647c733a34303a2264303333653232616533343861656235363630666332313430616563333538353063346461393937223b61705f6e616d617c733a31313a22547269204d756c79616e69223b61705f6c6576656c7c733a353a2261646d696e223b61705f6c6576656c5f63617074696f6e7c733a31333a2241646d696e6973747261746f72223b),
('688bdaf4a0039bd955a21c49a8dd39f11df8d9cc', '::1', 1565550579, 0x5f5f63695f6c6173745f726567656e65726174657c693a313536353535303331373b61705f69645f757365727c733a313a2231223b61705f70617373776f72647c733a34303a2264303333653232616533343861656235363630666332313430616563333538353063346461393937223b61705f6e616d617c733a31313a22547269204d756c79616e69223b61705f6c6576656c7c733a353a2261646d696e223b61705f6c6576656c5f63617074696f6e7c733a31333a2241646d696e6973747261746f72223b),
('c43053e5a8e446d16d72733655da046dd022de02', '::1', 1565550888, 0x5f5f63695f6c6173745f726567656e65726174657c693a313536353535303632383b61705f69645f757365727c733a313a2231223b61705f70617373776f72647c733a34303a2264303333653232616533343861656235363630666332313430616563333538353063346461393937223b61705f6e616d617c733a31313a22547269204d756c79616e69223b61705f6c6576656c7c733a353a2261646d696e223b61705f6c6576656c5f63617074696f6e7c733a31333a2241646d696e6973747261746f72223b),
('03635c4fb870255c7f31e17ab28b67d87c014cc7', '::1', 1565551237, 0x5f5f63695f6c6173745f726567656e65726174657c693a313536353535303933373b61705f69645f757365727c733a313a2231223b61705f70617373776f72647c733a34303a2264303333653232616533343861656235363630666332313430616563333538353063346461393937223b61705f6e616d617c733a31313a22547269204d756c79616e69223b61705f6c6576656c7c733a353a2261646d696e223b61705f6c6576656c5f63617074696f6e7c733a31333a2241646d696e6973747261746f72223b),
('415544729a27bcbcf73e899e4bd807dfa79ffeff', '::1', 1565551296, 0x5f5f63695f6c6173745f726567656e65726174657c693a313536353535313235343b61705f69645f757365727c733a313a2231223b61705f70617373776f72647c733a34303a2264303333653232616533343861656235363630666332313430616563333538353063346461393937223b61705f6e616d617c733a31313a22547269204d756c79616e69223b61705f6c6576656c7c733a353a2261646d696e223b61705f6c6576656c5f63617074696f6e7c733a31333a2241646d696e6973747261746f72223b),
('0a50731205841c7a4697101d4bc8d1e0d6729e4e', '::1', 1565921775, 0x5f5f63695f6c6173745f726567656e65726174657c693a313536353932313330303b61705f69645f757365727c733a313a2231223b61705f70617373776f72647c733a34303a2264303333653232616533343861656235363630666332313430616563333538353063346461393937223b61705f6e616d617c733a31313a22547269204d756c79616e69223b61705f6c6576656c7c733a353a2261646d696e223b61705f6c6576656c5f63617074696f6e7c733a31333a2241646d696e6973747261746f72223b),
('4a74036d5c1495b2cbc11ae045590a8e6b6a3425', '::1', 1565922490, 0x5f5f63695f6c6173745f726567656e65726174657c693a313536353932323438333b61705f69645f757365727c733a313a2231223b61705f70617373776f72647c733a34303a2264303333653232616533343861656235363630666332313430616563333538353063346461393937223b61705f6e616d617c733a31313a22547269204d756c79616e69223b61705f6c6576656c7c733a353a2261646d696e223b61705f6c6576656c5f63617074696f6e7c733a31333a2241646d696e6973747261746f72223b),
('bf581d5bcada1caf96d4b2120fe9ba545c62b45c', '::1', 1565923367, 0x5f5f63695f6c6173745f726567656e65726174657c693a313536353932333234353b61705f69645f757365727c733a313a2231223b61705f70617373776f72647c733a34303a2264303333653232616533343861656235363630666332313430616563333538353063346461393937223b61705f6e616d617c733a31313a22547269204d756c79616e69223b61705f6c6576656c7c733a353a2261646d696e223b61705f6c6576656c5f63617074696f6e7c733a31333a2241646d696e6973747261746f72223b),
('894a309c0e1b24d8b05c7be4dcc257afd94d5f65', '::1', 1565924750, 0x5f5f63695f6c6173745f726567656e65726174657c693a313536353932343635363b61705f69645f757365727c733a313a2231223b61705f70617373776f72647c733a34303a2264303333653232616533343861656235363630666332313430616563333538353063346461393937223b61705f6e616d617c733a31313a22547269204d756c79616e69223b61705f6c6576656c7c733a353a2261646d696e223b61705f6c6576656c5f63617074696f6e7c733a31333a2241646d696e6973747261746f72223b),
('b727d008b359c949b1136914f7f997d392b15365', '::1', 1565925155, 0x5f5f63695f6c6173745f726567656e65726174657c693a313536353932353131323b61705f69645f757365727c733a313a2231223b61705f70617373776f72647c733a34303a2264303333653232616533343861656235363630666332313430616563333538353063346461393937223b61705f6e616d617c733a31313a22547269204d756c79616e69223b61705f6c6576656c7c733a353a2261646d696e223b61705f6c6576656c5f63617074696f6e7c733a31333a2241646d696e6973747261746f72223b),
('236895cf12cf33f25121a85f2b9d01d5725e4155', '::1', 1565927662, 0x5f5f63695f6c6173745f726567656e65726174657c693a313536353932373535373b61705f69645f757365727c733a313a2231223b61705f70617373776f72647c733a34303a2264303333653232616533343861656235363630666332313430616563333538353063346461393937223b61705f6e616d617c733a31313a22547269204d756c79616e69223b61705f6c6576656c7c733a353a2261646d696e223b61705f6c6576656c5f63617074696f6e7c733a31333a2241646d696e6973747261746f72223b),
('f1ed61048976d0ed02def1e29596b9a11fcdd572', '::1', 1565928368, 0x5f5f63695f6c6173745f726567656e65726174657c693a313536353932383332353b61705f69645f757365727c733a313a2231223b61705f70617373776f72647c733a34303a2264303333653232616533343861656235363630666332313430616563333538353063346461393937223b61705f6e616d617c733a31313a22547269204d756c79616e69223b61705f6c6576656c7c733a353a2261646d696e223b61705f6c6576656c5f63617074696f6e7c733a31333a2241646d696e6973747261746f72223b),
('e7a926dd82c033a84ab9056846cbf43275db34c8', '::1', 1567724972, 0x5f5f63695f6c6173745f726567656e65726174657c693a313536373732343138383b61705f69645f757365727c733a313a2231223b61705f70617373776f72647c733a34303a2264303333653232616533343861656235363630666332313430616563333538353063346461393937223b61705f6e616d617c733a31313a22547269204d756c79616e69223b61705f6c6576656c7c733a353a2261646d696e223b61705f6c6576656c5f63617074696f6e7c733a31333a2241646d696e6973747261746f72223b),
('4f76af1b5689a9866f077c3eda59cfd89a9ef4dc', '::1', 1567725351, 0x5f5f63695f6c6173745f726567656e65726174657c693a313536373732353031383b61705f69645f757365727c733a313a2231223b61705f70617373776f72647c733a34303a2264303333653232616533343861656235363630666332313430616563333538353063346461393937223b61705f6e616d617c733a31313a22547269204d756c79616e69223b61705f6c6576656c7c733a353a2261646d696e223b61705f6c6576656c5f63617074696f6e7c733a31333a2241646d696e6973747261746f72223b),
('6bcbeb9f13b76328fc34be6fec4127c2609a615f', '::1', 1567725561, 0x5f5f63695f6c6173745f726567656e65726174657c693a313536373732353335383b61705f69645f757365727c733a313a2231223b61705f70617373776f72647c733a34303a2264303333653232616533343861656235363630666332313430616563333538353063346461393937223b61705f6e616d617c733a31313a22547269204d756c79616e69223b61705f6c6576656c7c733a353a2261646d696e223b61705f6c6576656c5f63617074696f6e7c733a31333a2241646d696e6973747261746f72223b),
('64efaf584a946b6a69e622cf743125b1bc2c099f', '::1', 1567726464, 0x5f5f63695f6c6173745f726567656e65726174657c693a313536373732363332353b61705f69645f757365727c733a313a2231223b61705f70617373776f72647c733a34303a2264303333653232616533343861656235363630666332313430616563333538353063346461393937223b61705f6e616d617c733a31313a22547269204d756c79616e69223b61705f6c6576656c7c733a353a2261646d696e223b61705f6c6576656c5f63617074696f6e7c733a31333a2241646d696e6973747261746f72223b),
('0ad4f98e2eb4bfb52da1a64711968d6e4362f702', '::1', 1567726898, 0x5f5f63695f6c6173745f726567656e65726174657c693a313536373732363730353b61705f69645f757365727c733a313a2231223b61705f70617373776f72647c733a34303a2264303333653232616533343861656235363630666332313430616563333538353063346461393937223b61705f6e616d617c733a31313a22547269204d756c79616e69223b61705f6c6576656c7c733a353a2261646d696e223b61705f6c6576656c5f63617074696f6e7c733a31333a2241646d696e6973747261746f72223b),
('8b18b7ac79c6e91aeaa34c069877478456f72c45', '::1', 1567727231, 0x5f5f63695f6c6173745f726567656e65726174657c693a313536373732373031303b61705f69645f757365727c733a313a2231223b61705f70617373776f72647c733a34303a2264303333653232616533343861656235363630666332313430616563333538353063346461393937223b61705f6e616d617c733a31313a22547269204d756c79616e69223b61705f6c6576656c7c733a353a2261646d696e223b61705f6c6576656c5f63617074696f6e7c733a31333a2241646d696e6973747261746f72223b),
('7b61f45a5379451c969f0b98aa46f79a60058016', '::1', 1567918039, 0x5f5f63695f6c6173745f726567656e65726174657c693a313536373931373735393b61705f69645f757365727c733a313a2231223b61705f70617373776f72647c733a34303a2264303333653232616533343861656235363630666332313430616563333538353063346461393937223b61705f6e616d617c733a31313a22547269204d756c79616e69223b61705f6c6576656c7c733a353a2261646d696e223b61705f6c6576656c5f63617074696f6e7c733a31333a2241646d696e6973747261746f72223b),
('c9375ae39f91df5b4e4cab8e820632c09d1d1860', '::1', 1567918237, 0x5f5f63695f6c6173745f726567656e65726174657c693a313536373931383038343b61705f69645f757365727c733a313a2231223b61705f70617373776f72647c733a34303a2264303333653232616533343861656235363630666332313430616563333538353063346461393937223b61705f6e616d617c733a31313a22547269204d756c79616e69223b61705f6c6576656c7c733a353a2261646d696e223b61705f6c6576656c5f63617074696f6e7c733a31333a2241646d696e6973747261746f72223b),
('e4627f55c6651bf6dd8228f5eba298d5beafd93e', '::1', 1567934266, 0x5f5f63695f6c6173745f726567656e65726174657c693a313536373933333936373b61705f69645f757365727c733a313a2231223b61705f70617373776f72647c733a34303a2264303333653232616533343861656235363630666332313430616563333538353063346461393937223b61705f6e616d617c733a31313a22547269204d756c79616e69223b61705f6c6576656c7c733a353a2261646d696e223b61705f6c6576656c5f63617074696f6e7c733a31333a2241646d696e6973747261746f72223b),
('29753ef7eda873083c9359daf0f46c10872fac7f', '::1', 1567934640, 0x5f5f63695f6c6173745f726567656e65726174657c693a313536373933343335343b61705f69645f757365727c733a313a2231223b61705f70617373776f72647c733a34303a2264303333653232616533343861656235363630666332313430616563333538353063346461393937223b61705f6e616d617c733a31313a22547269204d756c79616e69223b61705f6c6576656c7c733a353a2261646d696e223b61705f6c6576656c5f63617074696f6e7c733a31333a2241646d696e6973747261746f72223b),
('67a8e9f96031982f0b3b66d5f0b102e2f32234d8', '::1', 1567934812, 0x5f5f63695f6c6173745f726567656e65726174657c693a313536373933343639363b61705f69645f757365727c733a313a2231223b61705f70617373776f72647c733a34303a2264303333653232616533343861656235363630666332313430616563333538353063346461393937223b61705f6e616d617c733a31313a22547269204d756c79616e69223b61705f6c6576656c7c733a353a2261646d696e223b61705f6c6576656c5f63617074696f6e7c733a31333a2241646d696e6973747261746f72223b),
('cb02419d0ec7914e89027bd6ae6791a2edc2b596', '::1', 1568076047, 0x5f5f63695f6c6173745f726567656e65726174657c693a313536383037353830373b61705f69645f757365727c733a313a2231223b61705f70617373776f72647c733a34303a2264303333653232616533343861656235363630666332313430616563333538353063346461393937223b61705f6e616d617c733a31313a22547269204d756c79616e69223b61705f6c6576656c7c733a353a2261646d696e223b61705f6c6576656c5f63617074696f6e7c733a31333a2241646d696e6973747261746f72223b),
('564247d587f1ad9747b6dc1d221d202d1aa5b774', '::1', 1568076464, 0x5f5f63695f6c6173745f726567656e65726174657c693a313536383037363137383b61705f69645f757365727c733a313a2231223b61705f70617373776f72647c733a34303a2264303333653232616533343861656235363630666332313430616563333538353063346461393937223b61705f6e616d617c733a31313a22547269204d756c79616e69223b61705f6c6576656c7c733a353a2261646d696e223b61705f6c6576656c5f63617074696f6e7c733a31333a2241646d696e6973747261746f72223b),
('483cfd4f1ea29d0a4dd46c94ac4ad0ced9ae5936', '::1', 1568076752, 0x5f5f63695f6c6173745f726567656e65726174657c693a313536383037363537333b61705f69645f757365727c733a313a2231223b61705f70617373776f72647c733a34303a2264303333653232616533343861656235363630666332313430616563333538353063346461393937223b61705f6e616d617c733a31313a22547269204d756c79616e69223b61705f6c6576656c7c733a353a2261646d696e223b61705f6c6576656c5f63617074696f6e7c733a31333a2241646d696e6973747261746f72223b),
('47ac576221a37c8119597a7492ae82f47754923c', '::1', 1568077165, 0x5f5f63695f6c6173745f726567656e65726174657c693a313536383037363839323b61705f69645f757365727c733a313a2231223b61705f70617373776f72647c733a34303a2264303333653232616533343861656235363630666332313430616563333538353063346461393937223b61705f6e616d617c733a31313a22547269204d756c79616e69223b61705f6c6576656c7c733a353a2261646d696e223b61705f6c6576656c5f63617074696f6e7c733a31333a2241646d696e6973747261746f72223b),
('6532c5005de08a2940b2ed7274b605acb1cde663', '::1', 1568077510, 0x5f5f63695f6c6173745f726567656e65726174657c693a313536383037373235333b61705f69645f757365727c733a313a2231223b61705f70617373776f72647c733a34303a2264303333653232616533343861656235363630666332313430616563333538353063346461393937223b61705f6e616d617c733a31313a22547269204d756c79616e69223b61705f6c6576656c7c733a353a2261646d696e223b61705f6c6576656c5f63617074696f6e7c733a31333a2241646d696e6973747261746f72223b),
('01220ad4ccdb4b53ba2968d7776e325dd2270abe', '::1', 1568077651, 0x5f5f63695f6c6173745f726567656e65726174657c693a313536383037373539313b61705f69645f757365727c733a313a2231223b61705f70617373776f72647c733a34303a2264303333653232616533343861656235363630666332313430616563333538353063346461393937223b61705f6e616d617c733a31313a22547269204d756c79616e69223b61705f6c6576656c7c733a353a2261646d696e223b61705f6c6576656c5f63617074696f6e7c733a31333a2241646d696e6973747261746f72223b),
('b4aa8b9abce9e06de86b6f74846bf83a6dd6df43', '::1', 1568215247, 0x5f5f63695f6c6173745f726567656e65726174657c693a313536383231353231343b61705f69645f757365727c733a313a2231223b61705f70617373776f72647c733a34303a2264303333653232616533343861656235363630666332313430616563333538353063346461393937223b61705f6e616d617c733a31313a22547269204d756c79616e69223b61705f6c6576656c7c733a353a2261646d696e223b61705f6c6576656c5f63617074696f6e7c733a31333a2241646d696e6973747261746f72223b),
('60a743ef4313de81f2b8f289df88722a837efcd8', '::1', 1568216967, 0x5f5f63695f6c6173745f726567656e65726174657c693a313536383231363834313b61705f69645f757365727c733a313a2231223b61705f70617373776f72647c733a34303a2264303333653232616533343861656235363630666332313430616563333538353063346461393937223b61705f6e616d617c733a31313a22547269204d756c79616e69223b61705f6c6576656c7c733a353a2261646d696e223b61705f6c6576656c5f63617074696f6e7c733a31333a2241646d696e6973747261746f72223b),
('4650c85e7b8972beeaae310747c898b67a6651b3', '::1', 1568217302, 0x5f5f63695f6c6173745f726567656e65726174657c693a313536383231373231363b61705f69645f757365727c733a313a2231223b61705f70617373776f72647c733a34303a2264303333653232616533343861656235363630666332313430616563333538353063346461393937223b61705f6e616d617c733a31313a22547269204d756c79616e69223b61705f6c6576656c7c733a353a2261646d696e223b61705f6c6576656c5f63617074696f6e7c733a31333a2241646d696e6973747261746f72223b),
('50ff71158923432828689de51f82948864e021dd', '::1', 1568569367, 0x5f5f63695f6c6173745f726567656e65726174657c693a313536383536393036393b61705f69645f757365727c733a313a2231223b61705f70617373776f72647c733a34303a2264303333653232616533343861656235363630666332313430616563333538353063346461393937223b61705f6e616d617c733a31313a22547269204d756c79616e69223b61705f6c6576656c7c733a353a2261646d696e223b61705f6c6576656c5f63617074696f6e7c733a31333a2241646d696e6973747261746f72223b),
('5da3a8bb9537adb518017ae9e77c08c49f56abce', '::1', 1568569668, 0x5f5f63695f6c6173745f726567656e65726174657c693a313536383536393337303b61705f69645f757365727c733a313a2231223b61705f70617373776f72647c733a34303a2264303333653232616533343861656235363630666332313430616563333538353063346461393937223b61705f6e616d617c733a31313a22547269204d756c79616e69223b61705f6c6576656c7c733a353a2261646d696e223b61705f6c6576656c5f63617074696f6e7c733a31333a2241646d696e6973747261746f72223b),
('b524849116a0f22161b2bae40a3e4e9da4356357', '::1', 1568569943, 0x5f5f63695f6c6173745f726567656e65726174657c693a313536383536393733373b61705f69645f757365727c733a313a2231223b61705f70617373776f72647c733a34303a2264303333653232616533343861656235363630666332313430616563333538353063346461393937223b61705f6e616d617c733a31313a22547269204d756c79616e69223b61705f6c6576656c7c733a353a2261646d696e223b61705f6c6576656c5f63617074696f6e7c733a31333a2241646d696e6973747261746f72223b),
('12849e7f456b46dad7accf3dae863525e4d90bbd', '::1', 1568570435, 0x5f5f63695f6c6173745f726567656e65726174657c693a313536383537303236303b61705f69645f757365727c733a313a2231223b61705f70617373776f72647c733a34303a2264303333653232616533343861656235363630666332313430616563333538353063346461393937223b61705f6e616d617c733a31313a22547269204d756c79616e69223b61705f6c6576656c7c733a353a2261646d696e223b61705f6c6576656c5f63617074696f6e7c733a31333a2241646d696e6973747261746f72223b),
('54064e577d942252301fabce70f78d2483f32058', '::1', 1568571355, 0x5f5f63695f6c6173745f726567656e65726174657c693a313536383537303936343b61705f69645f757365727c733a313a2231223b61705f70617373776f72647c733a34303a2264303333653232616533343861656235363630666332313430616563333538353063346461393937223b61705f6e616d617c733a31313a22547269204d756c79616e69223b61705f6c6576656c7c733a353a2261646d696e223b61705f6c6576656c5f63617074696f6e7c733a31333a2241646d696e6973747261746f72223b),
('59680a7d90a3902b4886daa57e1625c6e9bf1ec8', '::1', 1568571660, 0x5f5f63695f6c6173745f726567656e65726174657c693a313536383537313336343b61705f69645f757365727c733a313a2231223b61705f70617373776f72647c733a34303a2264303333653232616533343861656235363630666332313430616563333538353063346461393937223b61705f6e616d617c733a31313a22547269204d756c79616e69223b61705f6c6576656c7c733a353a2261646d696e223b61705f6c6576656c5f63617074696f6e7c733a31333a2241646d696e6973747261746f72223b),
('2d0f21b64d8dd7b53f431c23c0e4270cee10b852', '::1', 1568572099, 0x5f5f63695f6c6173745f726567656e65726174657c693a313536383537313636353b61705f69645f757365727c733a313a2231223b61705f70617373776f72647c733a34303a2264303333653232616533343861656235363630666332313430616563333538353063346461393937223b61705f6e616d617c733a31313a22547269204d756c79616e69223b61705f6c6576656c7c733a353a2261646d696e223b61705f6c6576656c5f63617074696f6e7c733a31333a2241646d696e6973747261746f72223b),
('8d55fe6ff5accb827ef1beb0aa1e704cd0e73ab5', '::1', 1568572185, 0x5f5f63695f6c6173745f726567656e65726174657c693a313536383537323130343b61705f69645f757365727c733a313a2231223b61705f70617373776f72647c733a34303a2264303333653232616533343861656235363630666332313430616563333538353063346461393937223b61705f6e616d617c733a31313a22547269204d756c79616e69223b61705f6c6576656c7c733a353a2261646d696e223b61705f6c6576656c5f63617074696f6e7c733a31333a2241646d696e6973747261746f72223b),
('8489d1d6221a2c59e44f96acfc38dde1475a7fcf', '::1', 1568572835, 0x5f5f63695f6c6173745f726567656e65726174657c693a313536383537323531323b61705f69645f757365727c733a313a2231223b61705f70617373776f72647c733a34303a2264303333653232616533343861656235363630666332313430616563333538353063346461393937223b61705f6e616d617c733a31313a22547269204d756c79616e69223b61705f6c6576656c7c733a353a2261646d696e223b61705f6c6576656c5f63617074696f6e7c733a31333a2241646d696e6973747261746f72223b),
('94ccf5f77f14e2c1bda17552eac14b4ddee701e0', '::1', 1568573065, 0x5f5f63695f6c6173745f726567656e65726174657c693a313536383537323838323b61705f69645f757365727c733a313a2231223b61705f70617373776f72647c733a34303a2264303333653232616533343861656235363630666332313430616563333538353063346461393937223b61705f6e616d617c733a31313a22547269204d756c79616e69223b61705f6c6576656c7c733a353a2261646d696e223b61705f6c6576656c5f63617074696f6e7c733a31333a2241646d696e6973747261746f72223b),
('524bd36185c0426480c0002a5a36b1a449dedf1e', '::1', 1568790705, 0x5f5f63695f6c6173745f726567656e65726174657c693a313536383739303637393b61705f69645f757365727c733a313a2231223b61705f70617373776f72647c733a34303a2264303333653232616533343861656235363630666332313430616563333538353063346461393937223b61705f6e616d617c733a31313a22547269204d756c79616e69223b61705f6c6576656c7c733a353a2261646d696e223b61705f6c6576656c5f63617074696f6e7c733a31333a2241646d696e6973747261746f72223b),
('775adb12eb81a059c4a739e93fad82bbe502d44e', '::1', 1571756109, 0x5f5f63695f6c6173745f726567656e65726174657c693a313537313735363036313b61705f69645f757365727c733a313a2231223b61705f70617373776f72647c733a34303a2264303333653232616533343861656235363630666332313430616563333538353063346461393937223b61705f6e616d617c733a31313a22547269204d756c79616e69223b61705f6c6576656c7c733a353a2261646d696e223b61705f6c6576656c5f63617074696f6e7c733a31333a2241646d696e6973747261746f72223b),
('95f04d60731234c60851b40a489cedb0b1f7aa9d', '::1', 1572190627, 0x5f5f63695f6c6173745f726567656e65726174657c693a313537323139303439383b61705f69645f757365727c733a313a2231223b61705f70617373776f72647c733a34303a2264303333653232616533343861656235363630666332313430616563333538353063346461393937223b61705f6e616d617c733a31313a22547269204d756c79616e69223b61705f6c6576656c7c733a353a2261646d696e223b61705f6c6576656c5f63617074696f6e7c733a31333a2241646d696e6973747261746f72223b),
('6953999d212a7f4d9ac2023bee7b529feba960d1', '::1', 1572192381, 0x5f5f63695f6c6173745f726567656e65726174657c693a313537323139313830333b61705f69645f757365727c733a313a2231223b61705f70617373776f72647c733a34303a2264303333653232616533343861656235363630666332313430616563333538353063346461393937223b61705f6e616d617c733a31313a22547269204d756c79616e69223b61705f6c6576656c7c733a353a2261646d696e223b61705f6c6576656c5f63617074696f6e7c733a31333a2241646d696e6973747261746f72223b),
('a4881d5169311913caace2a859e2e758f5992201', '::1', 1573115852, 0x5f5f63695f6c6173745f726567656e65726174657c693a313537333131353831353b61705f69645f757365727c733a313a2231223b61705f70617373776f72647c733a34303a2264303333653232616533343861656235363630666332313430616563333538353063346461393937223b61705f6e616d617c733a31313a22547269204d756c79616e69223b61705f6c6576656c7c733a353a2261646d696e223b61705f6c6576656c5f63617074696f6e7c733a31333a2241646d696e6973747261746f72223b),
('d7a0bfa2bc2887cebd7ad9ee03fcc52c91a07d51', '::1', 1573133142, 0x5f5f63695f6c6173745f726567656e65726174657c693a313537333133333035373b61705f69645f757365727c733a313a2231223b61705f70617373776f72647c733a34303a2264303333653232616533343861656235363630666332313430616563333538353063346461393937223b61705f6e616d617c733a31313a22547269204d756c79616e69223b61705f6c6576656c7c733a353a2261646d696e223b61705f6c6576656c5f63617074696f6e7c733a31333a2241646d696e6973747261746f72223b),
('a9e0a40fac0d88d02ec76585c4a303c49c7cd8b4', '::1', 1573133952, 0x5f5f63695f6c6173745f726567656e65726174657c693a313537333133333731343b61705f69645f757365727c733a313a2231223b61705f70617373776f72647c733a34303a2264303333653232616533343861656235363630666332313430616563333538353063346461393937223b61705f6e616d617c733a31313a22547269204d756c79616e69223b61705f6c6576656c7c733a353a2261646d696e223b61705f6c6576656c5f63617074696f6e7c733a31333a2241646d696e6973747261746f72223b),
('4f5d67ad345325740dade7001efe22c9663e2a3b', '::1', 1573134354, 0x5f5f63695f6c6173745f726567656e65726174657c693a313537333133343035363b61705f69645f757365727c733a313a2231223b61705f70617373776f72647c733a34303a2264303333653232616533343861656235363630666332313430616563333538353063346461393937223b61705f6e616d617c733a31313a22547269204d756c79616e69223b61705f6c6576656c7c733a353a2261646d696e223b61705f6c6576656c5f63617074696f6e7c733a31333a2241646d696e6973747261746f72223b),
('98c5182d06d85f83814d7573dd2aa22ec8101be2', '::1', 1573134753, 0x5f5f63695f6c6173745f726567656e65726174657c693a313537333133343433363b61705f69645f757365727c733a313a2231223b61705f70617373776f72647c733a34303a2264303333653232616533343861656235363630666332313430616563333538353063346461393937223b61705f6e616d617c733a31313a22547269204d756c79616e69223b61705f6c6576656c7c733a353a2261646d696e223b61705f6c6576656c5f63617074696f6e7c733a31333a2241646d696e6973747261746f72223b),
('067f47d20a332c656353e6c20c31d5420f81a06c', '::1', 1573135394, 0x5f5f63695f6c6173745f726567656e65726174657c693a313537333133343831373b61705f69645f757365727c733a313a2231223b61705f70617373776f72647c733a34303a2264303333653232616533343861656235363630666332313430616563333538353063346461393937223b61705f6e616d617c733a31313a22547269204d756c79616e69223b61705f6c6576656c7c733a353a2261646d696e223b61705f6c6576656c5f63617074696f6e7c733a31333a2241646d696e6973747261746f72223b),
('32b14aa237e4f5a8183cb88740c594331dbad9f7', '::1', 1575118200, 0x5f5f63695f6c6173745f726567656e65726174657c693a313537353131363539343b61705f69645f757365727c733a313a2231223b61705f70617373776f72647c733a34303a2264303333653232616533343861656235363630666332313430616563333538353063346461393937223b61705f6e616d617c733a31313a22547269204d756c79616e69223b61705f6c6576656c7c733a353a2261646d696e223b61705f6c6576656c5f63617074696f6e7c733a31333a2241646d696e6973747261746f72223b),
('a05438d9e05c15d45fa1a37f53740a397ea4294e', '::1', 1575216878, 0x5f5f63695f6c6173745f726567656e65726174657c693a313537353231363731343b61705f69645f757365727c733a313a2231223b61705f70617373776f72647c733a34303a2264303333653232616533343861656235363630666332313430616563333538353063346461393937223b61705f6e616d617c733a31313a22547269204d756c79616e69223b61705f6c6576656c7c733a353a2261646d696e223b61705f6c6576656c5f63617074696f6e7c733a31333a2241646d696e6973747261746f72223b),
('3b096cbc6486ea30fa65eed7d3230f8d20e499d4', '::1', 1575217482, 0x5f5f63695f6c6173745f726567656e65726174657c693a313537353231373138393b61705f69645f757365727c733a313a2231223b61705f70617373776f72647c733a34303a2264303333653232616533343861656235363630666332313430616563333538353063346461393937223b61705f6e616d617c733a31313a22547269204d756c79616e69223b61705f6c6576656c7c733a353a2261646d696e223b61705f6c6576656c5f63617074696f6e7c733a31333a2241646d696e6973747261746f72223b),
('21c11c5faf308ebb76cc200b7bc1dbeabc32e75d', '::1', 1575217529, 0x5f5f63695f6c6173745f726567656e65726174657c693a313537353231373531393b61705f69645f757365727c733a313a2231223b61705f70617373776f72647c733a34303a2264303333653232616533343861656235363630666332313430616563333538353063346461393937223b61705f6e616d617c733a31313a22547269204d756c79616e69223b61705f6c6576656c7c733a353a2261646d696e223b61705f6c6576656c5f63617074696f6e7c733a31333a2241646d696e6973747261746f72223b),
('75d5a1fbdfe24e5c5c45f8ab2e642497319c207e', '::1', 1575220258, 0x5f5f63695f6c6173745f726567656e65726174657c693a313537353231393937333b61705f69645f757365727c733a313a2231223b61705f70617373776f72647c733a34303a2264303333653232616533343861656235363630666332313430616563333538353063346461393937223b61705f6e616d617c733a31313a22547269204d756c79616e69223b61705f6c6576656c7c733a353a2261646d696e223b61705f6c6576656c5f63617074696f6e7c733a31333a2241646d696e6973747261746f72223b),
('7395ee1776b06c60c42d6fc7c48997f5d32246e7', '::1', 1575221177, 0x5f5f63695f6c6173745f726567656e65726174657c693a313537353232303935313b61705f69645f757365727c733a313a2231223b61705f70617373776f72647c733a34303a2264303333653232616533343861656235363630666332313430616563333538353063346461393937223b61705f6e616d617c733a31313a22547269204d756c79616e69223b61705f6c6576656c7c733a353a2261646d696e223b61705f6c6576656c5f63617074696f6e7c733a31333a2241646d696e6973747261746f72223b),
('5613b08fe4ee4e9c0d1358338d9db6e08045078d', '::1', 1575221616, 0x5f5f63695f6c6173745f726567656e65726174657c693a313537353232313336353b61705f69645f757365727c733a313a2231223b61705f70617373776f72647c733a34303a2264303333653232616533343861656235363630666332313430616563333538353063346461393937223b61705f6e616d617c733a31313a22547269204d756c79616e69223b61705f6c6576656c7c733a353a2261646d696e223b61705f6c6576656c5f63617074696f6e7c733a31333a2241646d696e6973747261746f72223b),
('32cbfcc06a8d46d8ff6e189338e6e45bcacbc836', '::1', 1575221958, 0x5f5f63695f6c6173745f726567656e65726174657c693a313537353232313636363b61705f69645f757365727c733a313a2231223b61705f70617373776f72647c733a34303a2264303333653232616533343861656235363630666332313430616563333538353063346461393937223b61705f6e616d617c733a31313a22547269204d756c79616e69223b61705f6c6576656c7c733a353a2261646d696e223b61705f6c6576656c5f63617074696f6e7c733a31333a2241646d696e6973747261746f72223b),
('9e34bdb6d40d91c39b580e69323e91f4d6495d38', '::1', 1575222402, 0x5f5f63695f6c6173745f726567656e65726174657c693a313537353232323135313b61705f69645f757365727c733a313a2231223b61705f70617373776f72647c733a34303a2264303333653232616533343861656235363630666332313430616563333538353063346461393937223b61705f6e616d617c733a31313a22547269204d756c79616e69223b61705f6c6576656c7c733a353a2261646d696e223b61705f6c6576656c5f63617074696f6e7c733a31333a2241646d696e6973747261746f72223b),
('aabd445ed5aff505d2474d32060efac4e8e465c6', '::1', 1575222913, 0x5f5f63695f6c6173745f726567656e65726174657c693a313537353232323635383b61705f69645f757365727c733a313a2231223b61705f70617373776f72647c733a34303a2264303333653232616533343861656235363630666332313430616563333538353063346461393937223b61705f6e616d617c733a31313a22547269204d756c79616e69223b61705f6c6576656c7c733a353a2261646d696e223b61705f6c6576656c5f63617074696f6e7c733a31333a2241646d696e6973747261746f72223b),
('85189d5e8c74c0d0bfed4d52cb36ed28d99989f5', '::1', 1575223143, 0x5f5f63695f6c6173745f726567656e65726174657c693a313537353232323938333b61705f69645f757365727c733a313a2231223b61705f70617373776f72647c733a34303a2264303333653232616533343861656235363630666332313430616563333538353063346461393937223b61705f6e616d617c733a31313a22547269204d756c79616e69223b61705f6c6576656c7c733a353a2261646d696e223b61705f6c6576656c5f63617074696f6e7c733a31333a2241646d696e6973747261746f72223b);

-- --------------------------------------------------------

--
-- Table structure for table `pj_user`
--

CREATE TABLE IF NOT EXISTS `pj_user` (
  `id_user` mediumint(1) unsigned NOT NULL AUTO_INCREMENT,
  `username` varchar(15) NOT NULL,
  `password` varchar(40) NOT NULL,
  `nama` varchar(50) NOT NULL,
  `id_akses` tinyint(1) unsigned NOT NULL,
  `status` enum('Aktif','Non Aktif') NOT NULL,
  `dihapus` enum('tidak','ya') NOT NULL,
  PRIMARY KEY (`id_user`)
) ENGINE=InnoDB  DEFAULT CHARSET=latin1 AUTO_INCREMENT=10 ;

--
-- Dumping data for table `pj_user`
--

INSERT INTO `pj_user` (`id_user`, `username`, `password`, `nama`, `id_akses`, `status`, `dihapus`) VALUES
(1, 'admin', 'd033e22ae348aeb5660fc2140aec35850c4da997', 'Tri Mulyani', 1, 'Aktif', 'tidak'),
(2, 'staff', 'd033e22ae348aeb5660fc2140aec35850c4da997', 'Jaya', 2, 'Aktif', 'tidak'),
(6, 'Keuangan', 'd033e22ae348aeb5660fc2140aec35850c4da997', 'Nina', 4, 'Aktif', 'tidak'),
(9, 'ketua', 'd033e22ae348aeb5660fc2140aec35850c4da997', 'Ketua Koperasi', 6, 'Aktif', 'tidak');

-- --------------------------------------------------------

--
-- Table structure for table `shu`
--

CREATE TABLE IF NOT EXISTS `shu` (
  `id_shu` int(11) NOT NULL AUTO_INCREMENT,
  `nilai` double NOT NULL,
  `keterangan` text NOT NULL,
  PRIMARY KEY (`id_shu`)
) ENGINE=InnoDB  DEFAULT CHARSET=latin1 AUTO_INCREMENT=2 ;

--
-- Dumping data for table `shu`
--

INSERT INTO `shu` (`id_shu`, `nilai`, `keterangan`) VALUES
(1, 1566000000, 'kas ajah');

-- --------------------------------------------------------

--
-- Table structure for table `transaksi`
--

CREATE TABLE IF NOT EXISTS `transaksi` (
  `id_transaksi` int(5) unsigned NOT NULL AUTO_INCREMENT,
  `id_klien` int(5) NOT NULL,
  `kode_anggota` varchar(40) NOT NULL,
  `tanggal` date NOT NULL,
  `nilai` decimal(10,0) NOT NULL,
  `keterangan` text,
  `id_user` mediumint(5) unsigned NOT NULL,
  PRIMARY KEY (`id_transaksi`)
) ENGINE=InnoDB  DEFAULT CHARSET=latin1 AUTO_INCREMENT=6 ;

--
-- Dumping data for table `transaksi`
--

INSERT INTO `transaksi` (`id_transaksi`, `id_klien`, `kode_anggota`, `tanggal`, `nilai`, `keterangan`, `id_user`) VALUES
(1, 5, '0', '2019-08-12', 2100000, 'Angsuran Anggota : DIN KAMADIANTINI S.IP', 1),
(2, 21, '0', '2019-09-06', 4500000, 'Angsuran Anggota : DRS. H. DEDEN SAEPULLOH, MM', 1),
(3, 5, '0', '2019-11-30', 2100000, 'Angsuran Anggota : DIN KAMADIANTINI', 1),
(4, 21, '0', '2019-12-02', 4500000, 'Angsuran Anggota : DRS. H. DEDEN SAEPULLOH, MM', 1),
(5, 21, '0', '2019-12-02', 4500000, 'Angsuran Anggota : DRS. H. DEDEN SAEPULLOH, MM', 1);

-- --------------------------------------------------------

--
-- Table structure for table `unit_kerja`
--

CREATE TABLE IF NOT EXISTS `unit_kerja` (
  `id_unit_kerja` int(5) NOT NULL AUTO_INCREMENT,
  `unit_kerja` varchar(50) NOT NULL,
  `u_entry` varchar(50) NOT NULL,
  `tgl_entri` date NOT NULL,
  PRIMARY KEY (`id_unit_kerja`),
  KEY `id_unit_kerja` (`id_unit_kerja`)
) ENGINE=InnoDB  DEFAULT CHARSET=latin1 AUTO_INCREMENT=6 ;

--
-- Dumping data for table `unit_kerja`
--

INSERT INTO `unit_kerja` (`id_unit_kerja`, `unit_kerja`, `u_entry`, `tgl_entri`) VALUES
(2, 'PNS', '1', '2018-12-29'),
(3, 'DAMKAR', '1', '2018-12-29'),
(4, 'SAT POL PP', '1', '2018-12-29'),
(5, 'DISTARU', '1', '2019-01-13');

/*!40101 SET CHARACTER_SET_CLIENT=@OLD_CHARACTER_SET_CLIENT */;
/*!40101 SET CHARACTER_SET_RESULTS=@OLD_CHARACTER_SET_RESULTS */;
/*!40101 SET COLLATION_CONNECTION=@OLD_COLLATION_CONNECTION */;
